ID,Username,UserPassword,Email
1,negin.jafari,1234,neg.jafari@gmail.com
3,ghazal.nozadi,1234,ghazal.nozadi@gmail.com
5,"Ali Mohammadi",1234,a.mohammadi@gmail.com
6,"Baraan Jamshidi",1234,baran.jamshidi@gmail.com
7,"Paria Behnam",1234,PariaBehanam@gmail.com
8,"Mostafa Moradi",1234,Moradi.Mostafa@gmail.com
9,"Rahaa Alipoor",1234,ralipoor@gmail.com
10,"Koorosh Samani",1234,samani.koorosh@gmail.com
11,"Leila Hosseine",1234,Leila.hosseini@gmail.com
12,"Parsa Jahani",1234,Parsa.Jahani@gmail.com
13,"Mitra Salari",1234,m.salari@gmail.com
14,"Reza Nasiri",1234,r-nasiri@gmail.com
15,"Nazanin Alavi",1234,Nazain.alavi@gmail.com
16,"Taha Pahlavan",1234,t.pahlavan@gmail.com
17,"Reihane Samadi",1234,r-samadi@gmail.com
18,"Raamin Rezazade",1234,Ramin-rezazade@gmail.com
19,"Elahe Hamidi",1234,hamidi-elahe@gmail.com
